[
  {
    "id": "803c38e3-ea32-487e-93ef-8ffa0d1215f6",
    "data": [
      {
        "text": "done",
        "userDefined": false
      }
    ],
    "isTemplate": false,
    "count": 0,
    "updated": 1522941969
  },
  {
    "id": "8c0abcb0-4741-4a3c-afa4-378109d52233",
    "data": [
      {
        "text": "close",
        "userDefined": false
      }
    ],
    "isTemplate": false,
    "count": 0,
    "updated": 1522940825
  },
  {
    "id": "4a347805-b1f2-495e-89af-120c686a24e9",
    "data": [
      {
        "text": "bye",
        "userDefined": false
      }
    ],
    "isTemplate": false,
    "count": 0,
    "updated": 1522940825
  },
  {
    "id": "4fb79f37-0694-430d-83d5-845e3d7d6755",
    "data": [
      {
        "text": "exit",
        "userDefined": false
      }
    ],
    "isTemplate": false,
    "count": 0,
    "updated": 1522940825
  },
  {
    "id": "ebc72415-90da-48fa-a239-a958a5e9feaa",
    "data": [
      {
        "text": "that would be all",
        "userDefined": false
      }
    ],
    "isTemplate": false,
    "count": 0,
    "updated": 1522940825
  },
  {
    "id": "36e0061d-090f-4f96-9987-a1883eb31d53",
    "data": [
      {
        "text": "thank you",
        "userDefined": false
      }
    ],
    "isTemplate": false,
    "count": 0,
    "updated": 1522940825
  },
  {
    "id": "c169c078-2ce4-4628-925e-53c49b031be0",
    "data": [
      {
        "text": "goodbye",
        "userDefined": false
      }
    ],
    "isTemplate": false,
    "count": 0,
    "updated": 1522940825
  },
  {
    "id": "cf9d6548-0e7c-4477-9e16-c79f628df8d3",
    "data": [
      {
        "text": "thanks",
        "userDefined": false
      }
    ],
    "isTemplate": false,
    "count": 0,
    "updated": 1522940825
  }
]