[
  {
    "id": "f925010f-b76f-49a9-b2b3-1f8a2bcc7d7b",
    "data": [
      {
        "text": "show ",
        "userDefined": false
      },
      {
        "text": "loo",
        "meta": "@sys.ignore",
        "userDefined": false
      },
      {
        "text": " in map",
        "userDefined": false
      }
    ],
    "isTemplate": false,
    "count": 0,
    "updated": 1523066940
  },
  {
    "id": "5453bdcb-8977-41bc-a1a9-e9026bf3ca0d",
    "data": [
      {
        "text": "show ",
        "userDefined": false
      },
      {
        "text": "washrooms",
        "alias": "washroom",
        "meta": "@washroom",
        "userDefined": false
      },
      {
        "text": " in map",
        "userDefined": false
      }
    ],
    "isTemplate": false,
    "count": 0,
    "updated": 1523066940
  },
  {
    "id": "3ecf2ccb-a97f-44ef-8ec8-9bd01ca4daef",
    "data": [
      {
        "text": "show map",
        "userDefined": false
      }
    ],
    "isTemplate": false,
    "count": 0,
    "updated": 1523066940
  },
  {
    "id": "1ee4cc4b-6357-4d62-830f-90f3ab398859",
    "data": [
      {
        "text": "show results in map",
        "userDefined": false
      }
    ],
    "isTemplate": false,
    "count": 0,
    "updated": 1523066940
  }
]