[
  {
    "value": "excellent",
    "synonyms": [
      "best",
      "top",
      "good",
      "nice",
      "cleanest",
      "plush",
      "excellent"
    ]
  },
  {
    "value": "clean",
    "synonyms": [
      "clean",
      "hygienic",
      "healthy"
    ]
  },
  {
    "value": "kid friendly",
    "synonyms": [
      "kid friendly",
      "children friendly",
      "kids feeding room",
      "diaper room",
      "child",
      "kid",
      "children",
      "diaper",
      "feeding",
      "toddler"
    ]
  },
  {
    "value": "elderly friendly",
    "synonyms": [
      "elderly",
      "elderly friendly",
      "senior citizen",
      "senior",
      "old"
    ]
  },
  {
    "value": "differently abled",
    "synonyms": [
      "differently abled",
      "differently abled friendly",
      "disabled friendly",
      "disabled"
    ]
  }
]